UserID,Name,Age
1,Rajah Gay,64
2,Wallace Stark,44
3,Ashely Lester,65
4,Kameko Delacruz,22
5,Hoyt Calhoun,48
6,Dane Guerra,23
7,Caldwell Craft,64
8,Kenneth Buck,36
9,Jermaine Anthony,39
10,Anne Yang,53
11,Frances Lee,65
12,Steven Saunders,69
13,Carolyn Moran,33
14,Venus Merrill,40
15,Susan Bennett,30
16,Adara Parks,46
17,Cain Stephens,48
18,Holmes Sharpe,53
19,Cairo Cook,65
20,Lucius Wolf,38
21,Ivana Peck,54
22,Patricia Long,67
23,Beau Decker,65
24,Cleo Logan,55
25,Mason Pace,60
26,Olivia Cooley,31
27,Gavin Saunders,50
28,Tashya Downs,36
29,Jolie Page,50
30,Teagan Rhodes,31
31,Montana Foley,30
32,Neve Craft,30
33,Inez Bishop,51
34,Leroy Trujillo,35
35,Asher Donaldson,42
36,Thane Whitley,59
37,Katelyn Juarez,28
38,Rachel Foley,33
39,Lesley Avila,45
40,Hector Wiggins,60
41,Jerry Olson,27
42,Hakeem Hess,55
43,Dustin Mcclain,27
44,Jerome Vazquez,62
45,Akeem Mcclain,22
46,Hammett Guerrero,39
47,Clio Hensley,63
48,Nolan Reed,27
49,Quinn Juarez,40
50,Elvis Langley,65
51,Quintessa Colon,61
52,Galvin Holcomb,58
53,Aladdin Kirkland,61
54,Maile Fowler,58
55,Quin Washington,63
56,Edward Wilson,38
57,Uta Lee,48
58,Jorden Jacobs,47
59,Arsenio Chang,68
60,Gary Henson,53
61,Lillian Shepherd,31
62,Jana Burnett,28
63,Morgan Taylor,36
64,Kasimir Morrison,42
65,Geraldine Parker,37
66,Leonard Juarez,21
67,Cleo Goodman,48
68,Brody Malone,32
69,Courtney Frye,44
70,Zachary Mercer,60
71,Jocelyn Kerr,62
72,William Mcmillan,34
73,Jael Hood,47
74,Shoshana Hubbard,28
75,Nelle Hunter,20
76,Tasha Potter,26
77,Isaac Duffy,41
78,Michelle Duke,37
79,Silas Fleming,53
80,Keegan Dixon,28
81,Yoshio Hampton,37
82,Mark Velasquez,63
83,Reece Griffith,63
84,Kadeem Mcguire,41
85,Barbara Gallagher,48
86,Kellie Cooke,29
87,Shelley Curry,32
88,Fleur Lowery,39
89,Victoria Robbins,59
90,Vance Macias,27
91,Valentine Gordon,62
92,Rana French,36
93,Signe Hernandez,30
94,Chandler Galloway,57
95,Sigourney Kramer,61
96,Ivana Ellison,69
97,Kelly Castro,36
98,Gage Burns,40
99,Barclay Sykes,53
100,Tate Townsend,38
101,Heidi O'connor,62
102,Lacy Smith,46
103,Adrienne Walter,47
104,Diana Guerrero,23
105,Burke Conrad,58
106,Shannon Velez,59
107,Rajah Christensen,62
108,Macon Maxwell,38
109,Barbara Aguilar,66
110,Caesar Bell,22
111,Echo Mclaughlin,55
112,Orli Blackwell,58
113,Raymond Richmond,27
114,Jasper Hodges,39
115,Alvin York,20
116,Amela Calderon,33
117,Dawn Boyle,32
118,Basia Mendoza,35
119,Britanni Sweet,29
120,Dennis Mcpherson,47
121,Harlan Bray,69
122,Holmes Parks,25
123,Shaine Briggs,37
124,Patience Barrera,64
125,Judah Bean,23
126,Imani Pope,58
127,Ulric Anthony,65
128,Hakeem Gregory,58
129,Malcolm Gregory,64
130,Allegra May,70
131,Tara Mcdaniel,65
132,Carlos Johnston,66
133,Bryar Wells,34
134,Merritt Wilson,37
135,Magee Fitzgerald,25
136,Lillith Brady,68
137,Oren Levy,63
138,Camilla Powers,21
139,Kareem Dorsey,35
140,Evan Hester,44
141,Linda Wise,57
142,Indira Payne,63
143,Randall Harrell,68
144,Knox Harris,43
145,Brady Wilkins,27
146,Clinton Drake,65
147,Evelyn Dodson,37
148,Robert Clarke,31
149,Sade Lara,46
150,Ivor Barnett,55
151,Cameran Hyde,21
152,Fitzgerald Woodard,59
153,Kirsten Trujillo,65
154,Stella Harding,25
155,Garrison Johnston,38
156,Quamar Garrett,58
157,Haviva Hoover,55
158,Rudyard Ayala,47
159,Beau Joyce,67
160,Lance Kirby,23
161,Richard Ramsey,27
162,Allen Wallace,65
163,Bethany Moody,62
164,Salvador Reynolds,54
165,Irene Trevino,63
166,Lars Hicks,39
167,Nolan Silva,38
168,George Wolfe,51
169,Erasmus Becker,62
170,Winifred Bryan,53
171,Jack Roberts,52
172,Shana Richards,20
173,Joel Fernandez,34
174,Chaney Robertson,21
175,Marcia Silva,65
176,Patricia Heath,54
177,Britanney Hammond,47
178,Stewart Quinn,35
179,Driscoll Whitaker,49
180,Camille Carroll,53
181,Kareem Estrada,23
182,Perry Ortiz,27
183,Aquila Brooks,64
184,Galena Curry,26
185,Dana Stout,21
186,Walter Guerrero,30
187,Kai Foreman,49
188,Tara Petty,22
189,Kaseem Payne,51
190,Graiden Walters,32
191,Kylee Palmer,20
192,Oliver Hopper,51
193,Cyrus Reed,35
194,Beatrice Bishop,24
195,Amir Little,51
196,Kitra Huber,25
197,Linus Pennington,51
198,Emmanuel Knox,58
199,Hyatt Curtis,55
200,Wendy Strickland,42
201,Donovan Head,51
202,Brenda Bolton,56
203,August Ray,67
204,Kaseem Brewer,33
205,Jescie Gill,48
206,Shelley Phillips,33
207,Hayes James,35
208,Burke Whitaker,25
209,Leilani Atkinson,54
210,Brianna Rich,52
211,Aristotle William,66
212,Leonard Donovan,40
213,Felicia Freeman,28
214,Clark Clay,26
215,Cameron Dunlap,70
216,Donna Bright,32
217,Ivan Irwin,69
218,Cameran England,25
219,Giacomo Green,63
220,Katell Petty,60
221,Donna Barnett,21
222,Cameran Maxwell,54
223,Samson Becker,31
224,Katelyn Mcdowell,60
225,Tallulah Davenport,54
226,Ignacia Valenzuela,59
227,Ria Schwartz,59
228,Brock Burnett,56
229,Shoshana Lyons,59
230,MacKensie Newton,40
231,Macaulay Sanders,46
232,Fatima Beasley,53
233,Ivory Nieves,27
234,Maggie Langley,31
235,Wylie Vasquez,55
236,Lynn Leblanc,24
237,Josiah Langley,58
238,Dolan Short,62
239,Imogene Sweet,27
240,Mari Sullivan,66
241,Tamekah Middleton,58
242,Shafira Miles,39
243,Imani Gilbert,59
244,Amy Wynn,61
245,Asher Pace,47
246,Elliott Valentine,58
247,Gil Holland,42
248,Erin White,60
249,Herman Simon,67
250,Callie Newman,39
251,Sydney Simon,36
252,Stewart Mercer,57
253,Edan Pearson,52
254,Hanna Blair,53
255,Judah Aguilar,65
256,Philip Velazquez,44
257,Francesca Savage,31
258,Angela Butler,41
259,Logan Mueller,62
260,Samson Elliott,30
261,Jasmine Keller,35
262,Slade Holder,32
263,Burke Richard,66
264,Giacomo Vaughn,33
265,Keane Guzman,44
266,Hillary Alford,56
267,Joelle Brewer,38
268,Alexander Myers,66
269,Berk Greene,35
270,Quail Bryan,54
271,Carlos Stokes,21
272,Petra Mathis,21
273,Clementine Taylor,56
274,Xanthus Cleveland,48
275,Wylie Aguirre,24
276,Prescott Rhodes,28
277,Mariam Hudson,56
278,Courtney Sampson,53
279,May David,28
280,Isadora Barton,33
281,Naida Marshall,28
282,Melyssa Sears,52
283,Karina Hines,32
284,Wade Quinn,42
285,Jacob Blankenship,55
286,Bruce Delaney,49
287,Kyle Kirkland,20
288,Donovan Charles,20
289,Zenia Harvey,57
290,Ian Mcclain,26
291,Quon Acosta,57
292,Madeline Schmidt,59
293,Akeem Barber,43
294,Chadwick Prince,31
295,Dominic Hill,49
296,Tarik Patel,65
297,Raymond Acosta,57
298,Gage Compton,23
299,Amanda Huffman,62
300,Elton Alvarez,59
301,Oleg Kelley,42
302,Madison Noel,57
303,Chanda Palmer,37
304,Elijah Atkinson,37
305,Amaya Boone,35
306,Joseph Gilbert,65
307,Kelsie Pate,44
308,Geoffrey Avila,40
309,Kyra Armstrong,28
310,Ashton Roman,58
311,Gail Ortiz,69
312,Quon Caldwell,39
313,Stone Vincent,23
314,Tarik Ferguson,55
315,Orlando Chapman,39
316,Tyrone Woods,35
317,Rylee Gutierrez,64
318,Bo Day,55
319,Keaton Madden,36
320,Martin Sweeney,69
321,Leigh Buchanan,65
322,Conan Jacobs,54
323,Melissa Holman,27
324,Mari Baird,55
325,Brody Stout,22
326,Katell Lynn,22
327,Lucian Oneal,30
328,April Olsen,40
329,Imogene Byers,47
330,Petra Alston,57
331,Yeo Boyle,37
332,Isabella Hebert,46
333,Tate Haley,43
334,Zenaida Skinner,61
335,Lara Perry,56
336,Nomlanga Parker,28
337,Adara Charles,48
338,Lane Green,47
339,Eric Humphrey,67
340,Reed Cook,61
341,Christian Boone,24
342,Rafael Calhoun,22
343,Melyssa Emerson,47
344,Doris Todd,28
345,Kareem Kim,35
346,Orla Kirby,70
347,Hollee Shannon,42
348,Zahir Spence,27
349,Abra Rosario,69
350,Uriel Delacruz,69
351,Sebastian Hurley,50
352,Drake Garza,56
353,Winter Jefferson,34
354,Cairo House,52
355,Ignatius Rivas,52
356,Preston Gilmore,52
357,Callum Thomas,56
358,Ava Jacobs,42
359,Rebecca Stanton,66
360,Dominic Brennan,59
361,Megan Garcia,59
362,April Hill,57
363,Rigel Terrell,49
364,Hunter Marshall,42
365,Jessica Franklin,61
366,Abbot Sanchez,61
367,Malcolm Berger,37
368,Xander Brock,37
369,Edward Pierce,57
370,Raven Owens,60
371,Isaac Vasquez,43
372,Kathleen Marks,29
373,Olympia Giles,62
374,Galena Griffin,39
375,Tiger Odom,55
376,Griffith Mayer,44
377,Meredith Glass,64
378,Basil Burgess,42
379,McKenzie Rivers,49
380,Galena Carney,48
381,Devin Parker,65
382,Wang Morales,66
383,Tobias Lucas,55
384,Mia Norris,53
385,Brady Terry,49
386,Price Davidson,48
387,Iris Morris,44
388,Danielle Howe,32
389,Linus Torres,34
390,Simon Sosa,25
391,Lucius Lucas,70
392,Noble Murphy,47
393,Gavin Peck,22
394,Jerry Dale,64
395,Isaac Moran,39
396,India Figueroa,53
397,Lacota Casey,21
398,Ramona Page,51
399,Tashya Trujillo,24
400,Wang Gibson,41
401,Carl Blanchard,52
402,Jorden Lester,61
403,Maisie Burgess,62
404,Lacota Poole,48
405,Lillian Roth,70
406,Chelsea Goff,31
407,Erich Guy,26
408,Coby Sheppard,63
409,Bevis Ewing,55
410,Louis Crawford,39
411,Kamal Cobb,28
412,Bethany Mcguire,22
413,Jaquelyn Robles,62
414,Brooke Kent,64
415,Heidi Mccoy,25
416,Chava Reyes,64
417,Jennifer Castaneda,37
418,Hasad Deleon,52
419,Charissa Payne,24
420,TaShya Whitehead,37
421,Solomon Giles,60
422,Rama Moore,42
423,Boris Carey,32
424,Rebekah Jefferson,60
425,Emily Martin,52
426,Lana Pickett,36
427,Isabelle Mcgowan,23
428,Branden Rosales,58
429,Francis Rocha,62
430,Kevin Perkins,49
431,Oleg Morris,40
432,Christen Potter,21
433,Forrest Alvarez,47
434,Kerry Spence,32
435,Myles Morin,43
436,Caleb Workman,25
437,Winter Sexton,27
438,Harriet Burgess,32
439,William Mason,53
440,Olivia Clark,55
441,Kirk Dyer,42
442,Caldwell Shannon,45
443,Belle Riddle,60
444,Anne Morrison,63
445,Alexander Miranda,50
446,Chelsea Mcguire,23
447,Nero Eaton,25
448,Vivian Mcintosh,62
449,Hashim Moon,64
450,Nicholas Atkinson,51
451,Eric Rasmussen,55
452,Kasper Lang,61
453,Kyle Terrell,42
454,Xander York,33
455,Erica Pruitt,35
456,Dara Lamb,28
457,Marah Compton,20
458,Keane Schmidt,42
459,Heidi Santana,51
460,Rhiannon Solomon,36
461,Kiona Maddox,51
462,Jakeem Browning,70
463,Barbara Freeman,53
464,Ulysses Branch,69
465,Alexandra Sweeney,24
466,Brennan Mccall,55
467,Risa David,48
468,Finn Miller,38
469,Fitzgerald Castro,23
470,Risa Keith,63
471,Serena Briggs,35
472,Lilah Griffin,43
473,Jillian Allen,23
474,Bernard Rosales,42
475,Grace Gaines,53
476,Charles Blankenship,61
477,Graham Dunlap,38
478,Petra Hawkins,40
479,Remedios Trujillo,30
480,Mufutau Fischer,60
481,Allistair Gross,37
482,Logan Howard,59
483,Lane Owens,22
484,Linda Finley,39
485,Daquan Willis,43
486,Kellie Burt,51
487,Zahir Fields,70
488,Bevis Wade,51
489,John Clark,25
490,Nola Barber,62
491,Darrel Nichols,38
492,Addison Rosales,63
493,Keane Mays,23
494,Wilma Callahan,57
495,Len Welch,61
496,Kenyon Clarke,24
497,Bo Figueroa,50
498,Joan Jacobs,56
499,Vanna Hammond,34
500,Kimberly Walters,63
501,Yoko Bradford,62
502,Nigel Lindsay,35
503,Sophia Parker,36
504,Cade Lawrence,42
505,Jamalia Cline,55
506,Chester Petersen,56
507,Chase Hodge,48
508,Hu Mclean,45
509,Candice Armstrong,52
510,Palmer Nixon,50
511,Quyn Gould,60
512,Orlando Owens,50
513,Eleanor Schwartz,41
514,Quail Montoya,64
515,Althea English,58
516,Mira Solomon,68
517,Freya Beasley,48
518,Lenore Bishop,68
519,Hyatt Hodge,36
520,Griffith Hubbard,47
521,Inez Burns,69
522,Jaden Ayala,44
523,Amelia Paul,61
524,Christen Gibson,48
525,Eaton Rocha,36
526,Sharon Velazquez,59
527,Upton Mckinney,47
528,Stewart Noble,59
529,Cade Cook,51
530,Basia Hudson,47
531,Camilla Shields,53
532,Piper Bryant,52
533,Jerry Alvarez,33
534,Joel Zamora,24
535,Brendan Best,50
536,Katell Hurley,43
537,Andrew Holmes,24
538,Jennifer Baker,67
539,Hiroko Waters,55
540,Dillon Schultz,34
541,Fiona Maynard,28
542,Quintessa Cross,45
543,Dane Benjamin,20
544,Abel Joyce,54
545,Gil Perkins,61
546,Claire Mcclure,65
547,Nehru Hansen,20
548,Allen Cole,64
549,MacKenzie Watkins,38
550,Eleanor Mills,24
551,Hector Middleton,36
552,Amber Juarez,59
553,Nasim Mccall,48
554,Alfonso Freeman,34
555,Catherine Glenn,65
556,Hedley Bentley,33
557,Austin Huff,56
558,Alma Randall,67
559,Jeanette Adkins,67
560,Chelsea William,48
561,Bernard Fitzpatrick,59
562,Robin Henry,61
563,Axel Bell,44
564,Asher Bean,69
565,Yasir Kent,41
566,Reagan Mullins,23
567,John Carter,51
568,Cain Paul,43
569,Akeem Petty,45
570,Nichole Vang,23
571,Ursula Steele,50
572,Malachi Acosta,34
573,Jarrod Trujillo,53
574,Ulric Solis,68
575,Desirae Dunlap,38
576,Sydney Mills,61
577,Curran Todd,58
578,Jarrod Hodge,34
579,Tyrone Baird,35
580,Hunter Romero,59
581,Colorado Juarez,23
582,Gail Pace,42
583,Reese Donaldson,35
584,Adele Hobbs,35
585,Sara Joseph,42
586,Angelica Underwood,23
587,Ursa Lester,45
588,Montana Hansen,66
589,Amaya Walls,69
590,Vance Conley,31
591,Garth Nunez,34
592,Stephen Wise,35
593,Rooney Lopez,29
594,Jonah Hodge,67
595,Lisandra Schmidt,48
596,Carson Leblanc,26
597,Quintessa Kemp,43
598,Macon Pena,47
599,Gemma Noel,51
600,Elizabeth Kinney,54
601,Lucius Acevedo,27
602,Kerry Pearson,70
603,Ivor Barber,29
604,Demetrius Mayer,23
605,Ashton Hardin,68
606,Lillian Sharpe,22
607,Zelenia Holman,54
608,Erasmus Bonner,37
609,Raja Estes,28
610,Shana Benton,67
611,Warren Buckley,21
612,Kai Bates,23
613,Matthew Pickett,28
614,Quamar Fleming,42
615,Reese Mcgowan,54
616,Debra Dean,67
617,Rhona Fischer,68
618,Keefe Vinson,61
619,Josiah Small,55
620,Mollie Heath,49

